-- MySQL dump 10.10
--
-- Host: sapr02    Database: pdo_mo
-- ------------------------------------------------------
-- Server version	5.1.12-beta-community-nt

/*!40101 SET @OLD_CHARACTER_SET_CLIENT=@@CHARACTER_SET_CLIENT */;
/*!40101 SET @OLD_CHARACTER_SET_RESULTS=@@CHARACTER_SET_RESULTS */;
/*!40101 SET @OLD_COLLATION_CONNECTION=@@COLLATION_CONNECTION */;
/*!40101 SET NAMES utf8 */;
/*!40103 SET @OLD_TIME_ZONE=@@TIME_ZONE */;
/*!40103 SET TIME_ZONE='+00:00' */;
/*!40014 SET @OLD_UNIQUE_CHECKS=@@UNIQUE_CHECKS, UNIQUE_CHECKS=0 */;
/*!40014 SET @OLD_FOREIGN_KEY_CHECKS=@@FOREIGN_KEY_CHECKS, FOREIGN_KEY_CHECKS=0 */;
/*!40101 SET @OLD_SQL_MODE=@@SQL_MODE, SQL_MODE='NO_AUTO_VALUE_ON_ZERO' */;
/*!40111 SET @OLD_SQL_NOTES=@@SQL_NOTES, SQL_NOTES=0 */;

--
-- Table structure for table `actions`
--

DROP TABLE IF EXISTS `actions`;
CREATE TABLE `actions` (
  `id` int(11) NOT NULL AUTO_INCREMENT,
  `path` varchar(255) CHARACTER SET cp1251 DEFAULT NULL,
  `name` varchar(255) CHARACTER SET cp1251 DEFAULT NULL,
  PRIMARY KEY (`id`)
) ENGINE=MyISAM AUTO_INCREMENT=7 DEFAULT CHARSET=utf8 ROW_FORMAT=FIXED;

--
-- Dumping data for table `actions`
--

LOCK TABLES `actions` WRITE;
/*!40000 ALTER TABLE `actions` DISABLE KEYS */;
INSERT INTO `actions` VALUES (1,'','Просмотр журнала'),(2,'journal','Приёмка оснастки'),(3,'codificator','Кодификатор'),(4,'shipping','Отгрузка оснастки'),(5,'admin','Администрирование'),(6,'edit','Редактирование');
/*!40000 ALTER TABLE `actions` ENABLE KEYS */;
UNLOCK TABLES;

--
-- Table structure for table `codificator`
--

DROP TABLE IF EXISTS `codificator`;
CREATE TABLE `codificator` (
  `id` int(11) NOT NULL AUTO_INCREMENT,
  `detalavto` varchar(255) CHARACTER SET cp1251 DEFAULT NULL,
  `nosnas` varchar(255) CHARACTER SET cp1251 DEFAULT NULL,
  `nkompl` varchar(255) CHARACTER SET cp1251 DEFAULT NULL,
  `nazvdet` varchar(255) CHARACTER SET cp1251 DEFAULT NULL,
  PRIMARY KEY (`id`)
) ENGINE=MyISAM AUTO_INCREMENT=772 DEFAULT CHARSET=utf8 ROW_FORMAT=FIXED;

--
-- Dumping data for table `codificator`
--

LOCK TABLES `codificator` WRITE;
/*!40000 ALTER TABLE `codificator` DISABLE KEYS */;
INSERT INTO `codificator` VALUES (1,'2101-1002060','856-0543-4503-000','1','Пресс-форма'),(2,'2101-1002060','856-0543-4503-000','2','Пресс-форма'),(3,'2101-1002060','856-0543-4503-000','4','Пресс-форма'),(4,'2101-1002060','856-0543-4503-000','6','Пресс-форма'),(5,'2101-1005153','856-0543-4507-000','1','Пресс-форма'),(6,'2101-1005153','856-0543-4507-000','2','Пресс-форма'),(7,'2101-1005153','856-0543-4507-000','3','Пресс-форма'),(8,'2101-1005153','856-0543-4507-000','4','Пресс-форма'),(9,'2101-1005153','856-0543-4507-000','5','Пресс-форма'),(10,'2101-1006033','856-0543-4501-000','1','Пресс-форма'),(11,'2101-1006033','856-0543-4501-000','2','Пресс-форма'),(12,'2101-1006033','856-0543-4501-000','3','Пресс-форма'),(13,'2101-1006033','856-0543-4501-000','4','Пресс-форма'),(14,'2101-1006033','856-0543-4501-000','5','Пресс-форма'),(15,'2101-1006033','856-0543-4501-000','6','Пресс-форма'),(16,'2101-1011072','856-0543-4504-000','1','Пресс-форма'),(17,'2101-1011072','856-0543-4504-000','3','Пресс-форма'),(18,'2101-1011072','856-0543-4504-000','4','Пресс-форма'),(19,'2101-1011072','856-0543-4504-000','5','Пресс-форма'),(20,'2101-1303014','856-0543-4516-000','1','Пресс-форма'),(21,'2101-1303014','856-0543-4516-000','2','Пресс-форма'),(22,'2101-1303014','856-0543-4516-000','3','Пресс-форма'),(23,'2101-1303014','856-0543-4516-000','4','Пресс-форма'),(24,'2101-1011020','856-0543-4511-000','1','Пресс-форма'),(25,'2101-1011020','856-0543-4511-000','3','Пресс-форма'),(26,'2101-1011020','856-0543-4511-000','4','Пресс-форма'),(27,'2101-1011020','856-0543-4511-000','5','Пресс-форма'),(28,'2101-1011020','856-0543-4511-000','6','Пресс-форма'),(29,'2101-1307045','856-0543-4514-000','1','Пресс-форма'),(30,'2101-1307045','856-0543-4514-000','2','Пресс-форма'),(31,'2101-1307045','856-0543-4514-000','3','Пресс-форма'),(32,'2101-1307045','856-0543-4514-000','4','Пресс-форма'),(33,'2101-1307045','856-0543-4514-000','5','Пресс-форма'),(34,'2101-1307045','856-0543-4514-000','6','Пресс-форма'),(35,'2101-1307045','856-0543-4514-000','7','Пресс-форма'),(36,'2101-1307045','856-0543-4514-000','8','Пресс-форма'),(37,'2101-1601015','856-0543-4508-000','1','Пресс-форма'),(38,'2101-1601015','856-0543-4508-000','2','Пресс-форма'),(39,'2101-1601015','856-0543-4508-000','3','Пресс-форма'),(40,'2101-1601015','856-0543-4508-000','4','Пресс-форма'),(41,'2101-1601015','856-0543-4508-000','7','Пресс-форма'),(42,'2101-1601015','856-0543-4508-000','8','Пресс-форма'),(43,'2101-1701015','856-0543-4509-000','1','Пресс-форма'),(44,'2101-1701015','856-0543-4509-000','2','Пресс-форма'),(45,'2101-1701015','856-0543-4509-000','3','Пресс-форма'),(46,'2101-1701015','856-0543-4509-000','4','Пресс-форма'),(47,'2101-1701015','856-0543-4509-000','5','Пресс-форма'),(48,'2101-1701015','856-0543-4509-000','6','Пресс-форма'),(49,'2101-1701015','856-0543-4509-000','7','Пресс-форма'),(50,'2101-3003092','856-0543-4515-000','1','Пресс-форма'),(51,'2101-3003092','856-0543-4515-000','2','Пресс-форма'),(52,'2101-3003092','856-0543-4515-000','3','Пресс-форма'),(53,'2101-3003092','856-0543-4515-000','4','Пресс-форма'),(54,'2103-1702015','856-0543-4502-000','1','Пресс-форма'),(55,'2103-1702015','856-0543-4502-000','3','Пресс-форма'),(56,'2107-1702015','856-0543-4691-000','2','Пресс-форма'),(57,'2107-1702015','856-0543-4691-000','3','Пресс-форма'),(58,'2107-1702015','856-0543-4691-000','4','Пресс-форма'),(59,'2107-1702015','856-0543-4691-000','7','Пресс-форма'),(60,'2107-1702153','856-0543-4512-000','1','Пресс-форма'),(61,'2107-1702153','856-0543-4512-000','2','Пресс-форма'),(62,'2107-1702153','856-0543-4512-000','5','Пресс-форма'),(63,'2107-1703204','856-0543-4702-000','1','Пресс-форма'),(64,'2107-1703204','856-0543-4702-000','2','Пресс-форма'),(65,'2107-1703204','856-0543-4702-000','3','Пресс-форма'),(66,'2107-1703204','856-0543-4702-000','4','Пресс-форма'),(67,'21073-1307015','856-0543-4513-000','1','Пресс-форма'),(68,'21073-1307015','856-0543-4513-000','2','Пресс-форма'),(69,'21073-1307015','856-0543-4513-000','3','Пресс-форма'),(70,'21073-1307015','856-0543-4513-000','4','Пресс-форма'),(71,'21073-1307015','856-0543-4513-000','5','Пресс-форма'),(72,'21073-1307015','856-0543-4513-000','6','Пресс-форма'),(73,'21073-1307015','856-0543-4513-000','7','Пресс-форма'),(74,'21073-1303014','856-0543-4794-000','1','Пресс-форма'),(75,'21073-1303014','856-0543-4794-000','2','Пресс-форма'),(76,'21073-1303014','856-0543-4794-000','3','Пресс-форма'),(77,'21073-1303014','856-0543-4794-000','4','Пресс-форма'),(78,'2101-3502070','856-0543-4505-000','1','Пресс-форма'),(79,'2101-3502070','856-0543-4505-000','5','Пресс-форма'),(80,'2101-3502070','856-0543-4505-000','7','Пресс-форма'),(81,'2101-3502070','856-0543-4505-000','9','Пресс-форма'),(82,'2101-3502070','856-0543-4505-000','12','Пресс-форма'),(83,'2101-3502070','856-0543-4505-000','14','Пресс-форма'),(84,'2101-3502070','856-0543-4505-000','16','Пресс-форма'),(85,'2101-3502070','856-0543-4505-000','17','Пресс-форма'),(86,'2101-3502070','856-0543-4505-000','18','Пресс-форма'),(87,'2101-3502070','856-0543-4505-000','20','Пресс-форма'),(88,'2121-3502070','856-0543-4535-000','1','Пресс-форма'),(89,'2121-3502070','856-0543-4535-000','2','Пресс-форма'),(90,'2121-3502070','856-0543-4535-000','3','Пресс-форма'),(91,'2121-3502070','856-0543-4535-000','4','Пресс-форма'),(92,'2108-3502070','856-0543-4646-000','1','Пресс-форма'),(93,'2108-3502070','856-0543-4646-000','2','Пресс-форма'),(94,'2108-3502070','856-0543-4646-000','3','Пресс-форма'),(95,'2108-3502070','856-0543-4646-000','4','Пресс-форма'),(96,'2108-3502070','856-0543-4646-000','5','Пресс-форма'),(97,'2108-3502070','856-0543-4646-000','6','Пресс-форма'),(98,'2108-3502070','856-0543-4646-000','8','Пресс-форма'),(99,'2108-3502070','856-0543-4646-000','9','Пресс-форма'),(100,'2108-3502070','856-0543-4646-000','11','Пресс-форма'),(101,'2108-3502070','856-0543-4646-000','15','Пресс-форма'),(102,'2108-3502070','856-0543-4646-000','16','Пресс-форма'),(103,'2108-3502070','856-0543-4646-000','17','Пресс-форма'),(104,'2108-3502070','856-0543-4646-000','18','Пресс-форма'),(105,'2108-3502070','856-0543-4646-000','19','Пресс-форма'),(106,'2108-3502070','856-0543-4646-000','20','Пресс-форма'),(107,'2108-3502070','856-0543-4646-000','21','Пресс-форма'),(108,'2108-3502070','856-0543-4646-000','22','Пресс-форма'),(109,'2108-3502070','856-0543-4646-000','23','Пресс-форма'),(110,'2121-1802080','856-0543-4810-000','3','Пресс-форма'),(111,'2121-1802080','856-0543-4810-000','4','Пресс-форма'),(112,'2121-1011072','856-0543-4532-000','1','Пресс-форма'),(113,'2121-1011072','856-0543-4532-000','2','Пресс-форма'),(114,'2121-1011072','856-0543-4532-000','3','Пресс-форма'),(115,'2121-1014212','856-0543-4536-000','1','Пресс-форма'),(116,'2121-1014212','856-0543-4536-000','2','Пресс-форма'),(117,'2121-1014212','856-0543-4536-000','3','Пресс-форма'),(118,'2121-1014212','856-0543-4536-000','4','Пресс-форма'),(119,'2121-1801012','856-0543-4742-000','2','Пресс-форма'),(120,'2121-1801012','856-0543-4742-000','3','Пресс-форма'),(121,'2121-1802012','856-0543-4644-000','1','Пресс-форма'),(122,'2121-1802012','856-0543-4644-000','3','Пресс-форма'),(123,'2121-1802012','856-0543-4644-000','4','Пресс-форма'),(124,'2121-1802020','856-0543-4546-000','1','Пресс-форма'),(125,'2121-1802020','856-0543-4546-000','2','Пресс-форма'),(126,'2121-1802020','856-0543-4546-000','3','Пресс-форма'),(127,'2121-1802028','856-0543-4551-000','1','Пресс-форма'),(128,'2121-1802028','856-0543-4551-000','2','Пресс-форма'),(129,'2121-1802028','856-0543-4551-000','3','Пресс-форма'),(130,'2121-1802234','856-0543-4560-000','1','Пресс-форма'),(131,'2121-1802234','856-0543-4560-000','2','Пресс-форма'),(132,'2121-1802234','856-0543-4560-000','3','Пресс-форма'),(133,'2121-1804021','856-0543-4553-000','1','Пресс-форма'),(134,'2121-1804021','856-0543-4553-000','3','Пресс-форма'),(135,'2121-2301014','','2','Пресс-форма'),(136,'2121-2302019','','1','Пресс-форма'),(137,'2121-2303086','856-0543-4549-000','1','Пресс-форма'),(138,'2121-2303086','856-0543-4549-000','3','Пресс-форма'),(139,'21214-1002060','856-0543-4769-000','1','Пресс-форма'),(140,'21214-1002060','856-0543-4769-000','2','Пресс-форма'),(141,'21214-1002060','856-0543-4769-000','3','Пресс-форма'),(142,'21214-3802824','856-0543-4774-000','1','Пресс-форма'),(143,'21214-3802824','856-0543-4774-000','2','Пресс-форма'),(144,'2108-1003264','856-0543-4709-000','2','Пресс-форма'),(145,'2108-1003264','856-0543-4709-000','3','Пресс-форма'),(146,'2108-1003264','856-0543-4709-000','4','Пресс-форма'),(147,'2108-1003264','856-0543-4709-000','5','Пресс-форма'),(148,'2108-1003282','856-0543-4656-000','2','Пресс-форма'),(149,'2108-1005153','856-0543-4650-000','2','Пресс-форма'),(150,'2108-1005153','856-0543-4650-000','3','Пресс-форма'),(151,'2108-1005153','856-0543-4650-000','4','Пресс-форма'),(152,'2108-1005153','856-0543-4650-000','5','Пресс-форма'),(153,'2108-1006033','856-0543-4654-000','2','Пресс-форма'),(154,'2108-1006033','856-0543-4654-000','3','Пресс-форма'),(155,'2108-1006033','856-0543-4654-000','4','Пресс-форма'),(156,'2108-1006035','856-0543-4655-000','1','Пресс-форма'),(157,'2108-1006035','856-0543-4655-000','2','Пресс-форма'),(158,'2108-1006035','856-0543-4655-000','3','Пресс-форма'),(159,'2108-1011052','856-0543-4670-000','2','Пресс-форма'),(160,'2108-1011052','856-0543-4670-000','3','Пресс-форма'),(161,'2108-1014202','856-0543-4689-000','1','Пресс-форма'),(162,'2108-1014202','856-0543-4689-000','2','Пресс-форма'),(163,'2108-1014202','856-0543-4689-000','3','Пресс-форма'),(164,'2108-1014202','856-0543-4689-000','4','Пресс-форма'),(165,'2108-3401015','856-0543-4726-000','2','Пресс-форма'),(166,'2108-3401015','856-0543-4726-000','4','Пресс-форма'),(167,'2108-3401015','856-0543-4726-000','6','Пресс-форма'),(168,'2108-3401015','856-0543-4726-000','9','Пресс-форма'),(169,'21083-1303014','856-0543-4652-000','1','Пресс-форма'),(170,'21083-1303014','856-0543-4652-000','2','Пресс-форма'),(171,'2112-1601015','856-0543-4781-000','2','Пресс-форма'),(172,'2112-1601015','856-0543-4781-000','3','Пресс-форма'),(173,'2112-1601015','856-0543-4781-000','5','Пресс-форма'),(174,'2112-1601015','856-0543-4775-000','7','Пресс-форма'),(175,'2112-1601015','856-0543-4775-000','8','Пресс-форма'),(176,'2110-1701015','856-0543-4729-000','1','Пресс-форма'),(177,'2110-1701015','856-0543-4729-000','3','Пресс-форма'),(178,'2110-1701015','856-0543-4729-000','6','Пресс-форма'),(179,'2110-1701015','856-0543-4729-000','7','Пресс-форма'),(180,'2110-1701015','856-0543-4729-000','8','Пресс-форма'),(181,'2110-1701015','856-0543-4729-000','2','Пресс-форма'),(182,'2110-1701205','856-0543-4728-000','1','Пресс-форма'),(183,'2110-1701205','856-0543-4728-000','3','Пресс-форма'),(184,'2110-1701205','856-0543-4728-000','4','Пресс-форма'),(185,'2110-1701205','856-0543-4728-000','5','Пресс-форма'),(186,'2110-1001247','856-0543-4736-000','4','Пресс-форма'),(187,'2110-1703054','856-0543-4731-000','1','Пресс-форма'),(188,'2110-1703054','856-0543-4731-000','3','Пресс-форма'),(189,'2110-1703054','856-0543-4731-000','4','Пресс-форма'),(190,'2110-3401016','856-0543-4807-000','1','Пресс-форма'),(191,'2110-3401016','856-0543-4807-000','2','Пресс-форма'),(192,'2110-3401016','856-0543-4807-000','3','Пресс-форма'),(193,'2111-1003288','856-0543-4734-000','1','Пресс-форма'),(194,'2111-1003288','856-0543-4734-000','2','Пресс-форма'),(195,'2111-1303014','856-0543-4778-000','1','Пресс-форма'),(196,'2111-1303014','856-0543-4778-000','2','Пресс-форма'),(197,'2111-1303014','856-0543-4778-000','3','Пресс-форма'),(198,'2111-1303014','856-0543-4778-000','4','Пресс-форма'),(199,'2111-1601015','856-0543-4739-000','1','Пресс-форма'),(200,'2111-1601015','856-0543-4739-000','2','Пресс-форма'),(201,'2111-1601015','856-0543-4739-000','3','Пресс-форма'),(202,'2111-1601015','856-0543-4739-000','4','Пресс-форма'),(203,'2111-1601015','856-0543-4732-000','5','Пресс-форма'),(204,'2111-1601015','856-0543-4732-000','6','Пресс-форма'),(205,'2111-1601015','856-0543-4732-000','7','Пресс-форма'),(206,'2111-1601015','856-0543-4732-000','8','Пресс-форма'),(207,'2111-1601015','856-0543-4732-000','9','Пресс-форма'),(208,'2112-1001292','856-0543-4777-000','1','Пресс-форма'),(209,'2112-1001292','856-0543-4777-000','2','Пресс-форма'),(210,'2112-1001362','856-0543-4749-000','1','Пресс-форма'),(211,'2112-1001362','856-0543-4749-000','2','Пресс-форма'),(212,'2112-1001362','856-0543-4749-000','3','Пресс-форма'),(213,'2112-1003264','','4','Пресс-форма'),(214,'21124-1003264','856-0543-4779-000','1','Пресс-форма'),(215,'21124-1003264','856-0543-4762-000','2','Пресс-форма'),(216,'21124-1003264','851-0543-7017-000','3','Пресс-форма'),(217,'21124-1003264','851-0543-7017-000','5','Пресс-форма'),(218,'2112-1006033','856-0543-4765-000','1','Пресс-форма'),(219,'2112-1006033','856-0543-4765-000','2','Пресс-форма'),(220,'2112-1006033','856-0543-4765-000','3','Пресс-форма'),(221,'2112-1006033','856-0543-4765-000','4','Пресс-форма'),(222,'2112-1011052','856-0543-4737-000','1','Пресс-форма'),(223,'2112-1011052','856-0543-4737-000','2','Пресс-форма'),(224,'2112-1011052','856-0543-4737-000','3','Пресс-форма'),(225,'2112-1011052','856-0543-4737-000','4','Пресс-форма'),(226,'2112-1011052','856-0543-4737-000','5','Пресс-форма'),(227,'2112-1011052','856-0543-4737-000','6','Пресс-форма'),(228,'2112-1014213','856-0543-4780-000','1','Пресс-форма'),(229,'2112-1014213','856-0543-4780-000','2','Пресс-форма'),(230,'2112-1014213','856-0543-4780-000','3','Пресс-форма'),(231,'2170-1307015','856-0543-4745-000','1','Пресс-форма'),(232,'2170-1307015','856-0543-4745-000','2','Пресс-форма'),(233,'2170-1307015','856-0543-4745-000','3','Пресс-форма'),(234,'2170-1307015','856-0543-4745-000','4','Пресс-форма'),(235,'2170-1307015','856-0543-4745-000','5','Пресс-форма'),(236,'2123-1014212','856-0543-4792-000','1','Пресс-форма'),(237,'2123-1014212','856-0543-4792-000','2','Пресс-форма'),(238,'2123-1014212','856-0543-4792-000','3','Пресс-форма'),(239,'2123-1014212','856-0543-4792-000','4','Пресс-форма'),(240,'2123-2303088','856-0543-4795-000','2','Пресс-форма'),(241,'2123-2303088','856-0543-4795-000','3','Пресс-форма'),(242,'2123-2303089','856-0543-4797-000','2','Пресс-форма'),(243,'2123-2303089','856-0543-4797-000','3','Пресс-форма'),(244,'2123-1802236','856-0543-4790-000','2','Пресс-форма'),(245,'2123-1802236','856-0543-4790-000','3','Пресс-форма'),(246,'2123-1802236','856-0543-4790-000','4','Пресс-форма'),(247,'2123-1702015','856-0543-4798-000','1','Пресс-форма'),(248,'2123-1702015','856-0543-4798-000','2','Пресс-форма'),(249,'2123-1703204','856-0543-4804-000','1','Пресс-форма'),(250,'2123-1703204','856-0543-4804-000','2','Пресс-форма'),(251,'2123-2301014','856-0543-4800-000','1','Пресс-форма'),(252,'2123-2301014','856-0543-4800-000','2','Пресс-форма'),(253,'2123-2301014','856-0543-4800-000','3','Пресс-форма'),(254,'21236-2302018','856-0543-4789-000','1','Пресс-форма'),(255,'21236-2302018','856-0543-4789-000','2','Пресс-форма'),(256,'21236-2302018','856-0543-4789-000','3','Пресс-форма'),(257,'21236-2302018','856-0543-4789-000','5','Пресс-форма'),(258,'2123-3414092','856-0543-4799-000','1','Пресс-форма'),(259,'2123-3414092','856-0543-4799-000','2','Пресс-форма'),(260,'2123-3414092','856-0543-4799-000','4','Пресс-форма'),(261,'2123-1041034','856-0543-4803-000','1','Пресс-форма'),(262,'2123-1041034','856-0543-4803-000','2','Пресс-форма'),(263,'2123-1012028','851-0543-7015-000','1','Пресс-форма'),(264,'2123-1012028','851-0543-7015-000','2','Пресс-форма'),(265,'2123-1012028','851-0543-7015-000','3','Пресс-форма'),(266,'2123-1002060','851-0543-7001-000','2','Пресс-форма'),(267,'2123-1002060','851-0543-7001-000','3','Пресс-форма'),(268,'1118-1041034','851-0543-7016-000','1','Пресс-форма'),(269,'1118-1041034','851-0543-7016-000','2','Пресс-форма'),(270,'1118-1041034','851-0543-7016-000','3','Пресс-форма'),(271,'1118-1041034','851-0543-7016-000','4','Пресс-форма'),(272,'1118-1001231','851-0543-7004-000','1','Пресс-форма'),(273,'1118-1001231','851-0543-7004-000','2','Пресс-форма'),(274,'1118-1001231','851-0543-7004-000','3','Пресс-форма'),(275,'1118-1001157','851-0543-7020-000','1','Пресс-форма'),(276,'1118-1001157','851-0543-7020-000','2','Пресс-форма'),(277,'1118-1001157','851-0543-7020-000','3','Пресс-форма'),(278,'1118-1001157','851-0543-7020-000','4','Пресс-форма'),(279,'1118-1001032','851-0543-7023-000','2','Пресс-форма'),(280,'1118-1001032','851-0543-7023-000','3','Пресс-форма'),(281,'1118-1001032','851-0543-7023-000','4','Пресс-форма'),(282,'11183-3401015','851-0543-7026-000','1','Пресс-форма'),(283,'11183-3401015','851-0543-7026-000','2','Пресс-форма'),(284,'11183-3401015','851-0543-7026-000','3','Пресс-форма'),(285,'11183-3401015','851-0543-7026-000','4','Пресс-форма'),(286,'11183-3401015','851-0543-7026-000','5','Пресс-форма'),(287,'21902-1001032','851-0543-7040-000','1','Пресс-форма'),(288,'21902-1001032','851-0543-7040-000','2','Пресс-форма'),(289,'2190-1001157','851-0543-7044-000','1','Пресс-форма'),(290,'2190-1001157','851-0543-7044-000','2','Пресс-форма'),(291,'21902-1001231','851-0543-7039-000','1','Пресс-форма'),(292,'21902-1001231','851-0543-7039-000','2','Пресс-форма'),(293,'2181-1701205','851-0543-7037-000','1','Пресс-форма'),(294,'2181-1701205','851-0543-7037-000','2','Пресс-форма'),(295,'2190-1001231','851-0543-7038-000','1','Пресс-форма'),(296,'2190-1001231','851-0543-7038-000','2','Пресс-форма'),(297,'2181-1601015','851-0543-7042-000','1','Пресс-форма'),(298,'2181-1601015','851-0543-7042-000','2','Пресс-форма'),(299,'2181-1601015','851-0543-7042-000','3','Пресс-форма'),(300,'2181-1601015','851-0543-7042-000','4','Пресс-форма'),(301,'2181-1701015','851-0543-7043-000','1','Пресс-форма'),(302,'2181-1701015','851-0543-7043-000','2','Пресс-форма'),(303,'2181-1701015','851-0543-7043-000','3','Пресс-форма'),(304,'21902-1009015','851-0543-7046-000','1','Пресс-форма'),(305,'21902-1009015','851-0543-7046-000','2','Пресс-форма'),(306,'2192-3401015','851-0543-7041-000','1','Пресс-форма'),(307,'2192-3401015','851-0543-7041-000','2','Пресс-форма'),(308,'2192-3401015','851-0543-7041-000','3','Пресс-форма'),(309,'2192-3401015','851-0543-7041-000','4','Пресс-форма'),(310,'2192-3401015','851-0543-7041-000','5','Пресс-форма'),(311,'21213-1003015','856-0410-4515-000','70','Кокиль'),(312,'21213-1003015','856-0410-4515-000','81','Кокиль'),(313,'21213-1003015','856-0248-4294-000','1','Стержневой ящик'),(314,'21213-1003015','856-0248-4294-000','19','Стержневой ящик'),(315,'21213-1003015','856-0248-4294-000','20','Стержневой ящик'),(316,'21213-1003015','856-0248-4294-000','23','Стержневой ящик'),(317,'21213-1003015','856-0248-6324-000','61-62','Стержневой ящик'),(318,'21213-1003015','856-0292-4569-000','1','Стержневой ящик'),(319,'21213-1003015','856-0292-4569-000','2','Стержневой ящик'),(320,'21213-1003015','856-0292-4569-000','3','Стержневой ящик'),(321,'21213-1003015','856-0292-4569-000','4','Стержневой ящик'),(322,'21213-1003015','856-0292-4569-000','5','Стержневой ящик'),(323,'21213-1003015','856-0292-4569-000','6','Стержневой ящик'),(324,'21214-1003015-71','856-0410-4738-000','1','Кокиль'),(325,'21214-1003015-71','856-0410-4738-000','4','Кокиль'),(326,'21214-1003015-71','856-0410-4738-000','5','Кокиль'),(327,'21214-1003015-71','856-0410-4738-000','6','Кокиль'),(328,'21214-1003015-71','856-0410-4738-000','7','Кокиль'),(329,'21214-1003015-71','856-0410-4738-000','8','Кокиль'),(330,'21214-1003015-71','856-0410-4738-000','10','Кокиль'),(331,'21214-1003015-71','856-0410-4738-000','11','Кокиль'),(332,'21214-1003015-71','856-0410-4738-000','12','Кокиль'),(333,'21214-1003015-71','856-0410-4738-000','13','Кокиль'),(334,'21214-1003015-71','856-0410-4738-000','14','Кокиль'),(335,'21214-1003015-71','856-0410-4738-000','15','Кокиль'),(336,'21214-1003015-71','856-0410-4738-000','16','Кокиль'),(337,'21214-1003015-71','856-0410-4738-000','17','Кокиль'),(338,'21214-1003015-71','856-0410-4738-000','19','Кокиль'),(339,'21214-1003015-71','856-0410-4738-000','23','Кокиль'),(340,'21214-1003015-71','856-0410-4738-000','24','Кокиль'),(341,'21214-1003015-71','856-0410-4738-000','25','Кокиль'),(342,'21214-1003015-71','856-0410-4738-000','26','Кокиль'),(343,'21214-1003015-71','856-0410-4738-000','27','Кокиль'),(344,'21214-1003015-71','856-0410-4738-000','28','Кокиль'),(345,'21214-1003015-71','856-0410-4738-000','30','Кокиль'),(346,'21214-1003015-73','856-0410-4738-000-30','2','Кокиль'),(347,'21214-1003015-73','856-0410-4738-000-30','3','Кокиль'),(348,'21214-1003015-73','856-0410-4738-000-30','9','Кокиль'),(349,'21214-1003015-73','856-0410-4738-000-30','18','Кокиль'),(350,'21214-1003015-73','856-0410-4738-000-30','20','Кокиль'),(351,'21214-1003015-73','856-0410-4738-000-30','21','Кокиль'),(352,'21214-1003015-73','856-0410-4738-000-30','22','Кокиль'),(353,'21214-1003015-73','856-0410-4738-000-30','29','Кокиль'),(354,'21214-1003015-73','856-0410-4738-000-30','31','Кокиль'),(355,'21214-1003015-73','856-0410-4738-000-30','32','Кокиль'),(356,'21214-1003015-73','856-0410-4738-000-30','33','Кокиль'),(357,'21214-1003015-73','856-0410-4738-000-30','34','Кокиль'),(358,'21214-1003015-73','856-0410-4738-000-30','35','Кокиль'),(359,'21214-1003015-73','856-0410-4738-000-30','36','Кокиль'),(360,'21214-1003015-73','856-0410-4738-000-30','37','Кокиль'),(361,'21214-1003015-73','856-0248-4368-000','1','Стержневой ящик'),(362,'21214-1003015-73','856-0248-4368-000','2','Стержневой ящик'),(363,'21214-1003015-73','856-0248-4368-000','3','Стержневой ящик'),(364,'21214-1003015-73','856-0248-4368-000','4','Стержневой ящик'),(365,'21214-1003015-73','856-0248-4368-000','5','Стержневой ящик'),(366,'21214-1003015-73','856-0248-4368-000','6','Стержневой ящик'),(367,'21214-1003015-73','856-0248-4368-000','7','Стержневой ящик'),(368,'21214-1003015-73','856-0248-4368-000','8','Стержневой ящик'),(369,'21214-1003015-73','856-0248-4368-000','9','Стержневой ящик'),(370,'21214-1003015-73','856-0248-4368-000','10','Стержневой ящик'),(371,'21214-1003015-73','856-0248-4368-000','13','Стержневой ящик'),(372,'21214-1003015-73','856-0248-4368-000','14','Стержневой ящик'),(373,'21214-1003015-73','856-0248-4387-000','11-12','Стержневой ящик'),(374,'21214-1003015-73','856-0248-4387-000','51-52','Стержневой ящик'),(375,'21214-1003015-73','856-0248-4387-000','61-62','Стержневой ящик'),(376,'21214-1003015-73','856-0248-4369-000','1','Стержневой ящик'),(377,'21214-1003015-73','856-0248-4369-000','2','Стержневой ящик'),(378,'21214-1003015-73','856-0248-4369-000','3','Стержневой ящик'),(379,'21214-1003015-73','856-0248-4369-000','4','Стержневой ящик'),(380,'21214-1003015-73','856-0248-4369-000','5','Стержневой ящик'),(381,'21214-1003015-73','856-0248-4369-000','6','Стержневой ящик'),(382,'21214-1003015-73','856-0248-4369-000','7','Стержневой ящик'),(383,'21214-1003015-73','856-0248-4369-000','8','Стержневой ящик'),(384,'21214-1003015-73','856-0248-4369-000','11','Стержневой ящик'),(385,'21214-1003015-73','856-0248-4369-000','12','Стержневой ящик'),(386,'21214-1003015-73','856-0248-4369-000','13','Стержневой ящик'),(387,'21214-1003015-73','856-0248-4369-000','14','Стержневой ящик'),(388,'21214-1003015-73','856-0248-4369-000','15','Стержневой ящик'),(389,'21214-1003015-73','856-0248-4369-000','16','Стержневой ящик'),(390,'21214-1003015-73','856-0248-4369-000','17','Стержневой ящик'),(391,'21214-1003015-73','856-0248-4369-000','18','Стержневой ящик'),(392,'21214-1003015-73','856-0248-4369-000','19','Стержневой ящик'),(393,'21214-1003015-73','856-0248-4369-000','20','Стержневой ящик'),(394,'21083-1003015','856-0410-4650-000','1','Кокиль'),(395,'21083-1003015','856-0410-4650-000','2','Кокиль'),(396,'21083-1003015','856-0410-4650-000','3','Кокиль'),(397,'21083-1003015','856-0410-4650-000','4','Кокиль'),(398,'21083-1003015','856-0410-4650-000','5','Кокиль'),(399,'21083-1003015','856-0410-4650-000','6','Кокиль'),(400,'21083-1003015','856-0410-4650-000','7','Кокиль'),(401,'21083-1003015','856-0410-4650-000','9','Кокиль'),(402,'21083-1003015','856-0410-4650-000','10','Кокиль'),(403,'21083-1003015','856-0410-4650-000','13','Кокиль'),(404,'21083-1003015','856-0410-4650-000','14','Кокиль'),(405,'21083-1003015','856-0410-4650-000','15','Кокиль'),(406,'21083-1003015','856-0410-4650-000','17','Кокиль'),(407,'21083-1003015','856-0410-4650-000','18','Кокиль'),(408,'21083-1003015','856-0410-4650-000','19','Кокиль'),(409,'21083-1003015','856-0410-4650-000','21','Кокиль'),(410,'21083-1003015','856-0410-4650-000','23','Кокиль'),(411,'21083-1003015','856-0410-4650-000','27','Кокиль'),(412,'21083-1003015','856-0410-4650-000','28','Кокиль'),(413,'21083-1003015','856-0410-4650-000','29','Кокиль'),(414,'21083-1003015','856-0410-4650-000','31','Кокиль'),(415,'21083-1003015','856-0410-4650-000','33','Кокиль'),(416,'11183-1003015','856-0410-4650-000','8','Кокиль'),(417,'11183-1003015','856-0410-4650-000','11','Кокиль'),(418,'11183-1003015','856-0410-4650-000','16','Кокиль'),(419,'11183-1003015','856-0410-4650-000','20','Кокиль'),(420,'11183-1003015','856-0410-4650-000','22','Кокиль'),(421,'11183-1003015','856-0410-4650-000','25','Кокиль'),(422,'11183-1003015','856-0410-4712-000','2-7','Кокиль'),(423,'11183-1003015','856-0410-4712-000','2-8','Кокиль'),(424,'11183-1003015','856-0410-4712-000','2-9','Кокиль'),(425,'11183-1003015','856-0410-4712-000','2-10','Кокиль'),(426,'11183-1003015','856-0410-4712-000','2-11','Кокиль'),(427,'11183-1003015','856-0410-4712-000','2-12','Кокиль'),(428,'11183-1003015','856-0410-4712-000','2-13','Кокиль'),(429,'11183-1003015','856-0410-4712-000','2-14','Кокиль'),(430,'11183-1003015','856-0410-4712-000','2-15','Кокиль'),(431,'11183-1003015','856-0248-4232-000','1','Стержневой ящик'),(432,'11183-1003015','856-0248-4232-000','3','Стержневой ящик'),(433,'11183-1003015','856-0248-4232-000','13','Стержневой ящик'),(434,'11183-1003015','856-0248-4232-000','14','Стержневой ящик'),(435,'11183-1003015','856-0248-4232-000','15','Стержневой ящик'),(436,'11183-1003015','856-0248-4232-000','16','Стержневой ящик'),(437,'11183-1003015','856-0248-4232-000','17','Стержневой ящик'),(438,'11183-1003015','856-0248-4232-000','18','Стержневой ящик'),(439,'11183-1003015','856-0248-4232-000','19','Стержневой ящик'),(440,'11183-1003015','856-0248-4232-000','20','Стержневой ящик'),(441,'11183-1003015','856-0248-4325-000','11-12','Стержневой ящик'),(442,'11183-1003015','856-0248-4325-000','21-22','Стержневой ящик'),(443,'11183-1003015','856-0248-4325-000','31-32','Стержневой ящик'),(444,'11183-1003015','856-0248-4325-000','61-62','Стержневой ящик'),(445,'11186-1003015','856-0248-4325-000','1-2','Стержневой ящик'),(446,'11183-1003015','856-0248-4231-000','1Б','Стержневой ящик'),(447,'11183-1003015','856-0248-4231-000','2Б','Стержневой ящик'),(448,'11183-1003015','856-0248-4231-000','11Б','Стержневой ящик'),(449,'11183-1003015','856-0248-4231-000','12Б','Стержневой ящик'),(450,'11183-1003015','856-0248-4231-000','15Б','Стержневой ящик'),(451,'11183-1003015','856-0248-4231-000','16Б','Стержневой ящик'),(452,'11183-1003015','856-0248-4231-000','17Б','Стержневой ящик'),(453,'11183-1003015','856-0248-4231-000','18Б','Стержневой ящик'),(454,'11183-1003015','856-0248-4231-000','19Б','Стержневой ящик'),(455,'11183-1003015','856-0248-4231-000','20Б','Стержневой ящик'),(456,'11183-1003015','856-0248-4231-000','21Б','Стержневой ящик'),(457,'11183-1003015','856-0248-4231-000','22Б','Стержневой ящик'),(458,'11183-1003015','856-0248-4231-000','23Б','Стержневой ящик'),(459,'11183-1003015','856-0248-4231-000','24Б','Стержневой ящик'),(460,'11183-1003015','856-0248-4231-000','25Б','Стержневой ящик'),(461,'11183-1003015','856-0248-4231-000','26Б','Стержневой ящик'),(462,'11186-1003015','851-0248-7025-000','1А','Стержневой ящик'),(463,'11186-1003015','851-0248-7025-000','2А','Стержневой ящик'),(464,'11186-1003015','851-0248-7025-000','3А','Стержневой ящик'),(465,'11186-1003015','851-0248-7025-000','4А','Стержневой ящик'),(466,'11186-1003015','851-0248-7025-000','5А','Стержневой ящик'),(467,'11186-1003015','851-0248-7025-000','6А','Стержневой ящик'),(468,'11186-1003015','851-0248-7025-000','7А','Стержневой ящик'),(469,'11186-1003015','851-0248-7025-000','8А','Стержневой ящик'),(470,'11186-1003015','851-0248-7025-000','13А','Стержневой ящик'),(471,'11186-1003015','851-0248-7025-000','14А','Стержневой ящик'),(472,'11186-1003015','851-0248-7025-000','9А','Стержневой ящик'),(473,'11186-1003015','851-0248-7025-000','10А','Стержневой ящик'),(474,'11186-1003015','856-0248-4245-000','3А','Стержневой ящик'),(475,'11186-1003015','856-0248-4245-000','10А','Стержневой ящик'),(476,'11186-1003015','856-0248-4245-000','12А','Стержневой ящик'),(477,'11186-1003015','856-0248-4245-000','14А','Стержневой ящик'),(478,'11186-1003015','856-0248-4245-000','17А','Стержневой ящик'),(479,'11186-1003015','856-0248-4245-000','18А','Стержневой ящик'),(480,'11186-1003015','856-0248-4245-000','19А','Стержневой ящик'),(481,'11186-1003015','856-0248-4245-000','20А','Стержневой ящик'),(482,'11186-1003015','856-0248-4245-000','21А','Стержневой ящик'),(483,'11186-1003015','856-0248-4245-000','22А','Стержневой ящик'),(484,'11186-1003015','856-0248-4245-000','23А','Стержневой ящик'),(485,'11186-1003015','856-0248-4245-000','24А','Стержневой ящик'),(486,'11186-1003015','856-0248-4245-000','1А','Стержневой ящик'),(487,'11186-1003015','856-0248-4245-000','2А','Стержневой ящик'),(488,'11186-1003015','856-0248-4390-000','21-22','Стержневой ящик'),(489,'11186-1003015','856-0248-4390-000','31-32','Стержневой ящик'),(490,'11186-1003015','856-0248-4390-000','41-42','Стержневой ящик'),(491,'11186-1003015','856-0248-4390-000','51-52','Стержневой ящик'),(492,'21126-1003015','856-0410-4735-000','1','Кокиль'),(493,'21126-1003015','856-0410-4735-000','2','Кокиль'),(494,'21126-1003015','856-0410-4735-000','4','Кокиль'),(495,'21126-1003015','856-0410-4735-000','5','Кокиль'),(496,'21126-1003015','856-0410-4735-000','6','Кокиль'),(497,'21126-1003015','856-0410-4735-000','7','Кокиль'),(498,'21126-1003015','856-0410-4742-000','3','Кокиль'),(499,'21126-1003015','856-0410-4742-000','8','Кокиль'),(500,'21126-1003015','856-0410-4742-000','9','Кокиль'),(501,'21126-1003015','856-0410-4742-000','10','Кокиль'),(502,'21126-1003015','856-0410-4742-000','11','Кокиль'),(503,'21126-1003015','856-0410-4742-000','12','Кокиль'),(504,'21126-1003015','856-0410-4742-000','13','Кокиль'),(505,'21126-1003015','856-0410-4742-000','14','Кокиль'),(506,'21126-1003015','856-0410-4742-000','18','Кокиль'),(507,'21126-1003015','856-0410-4742-000','19','Кокиль'),(508,'21126-1003015','856-0410-4742-000','20','Кокиль'),(509,'21126-1003015','856-0410-4742-000','21','Кокиль'),(510,'21126-1003015','856-0248-4371-000','1А-1Б','Стержневой ящик'),(511,'21126-1003015','856-0248-4371-000','2А-2Б','Стержневой ящик'),(512,'21126-1003015','856-0248-4371-000','3А-3Б','Стержневой ящик'),(513,'21126-1003015','856-0248-4371-000','4А-4Б','Стержневой ящик'),(514,'21126-1003015','856-0248-4371-000','6А-6Б','Стержневой ящик'),(515,'21126-1003015','856-0248-4371-000','7А-7Б','Стержневой ящик'),(516,'21126-1003015','856-0248-4371-000','8А-8Б','Стержневой ящик'),(517,'21126-1003015','856-0248-4367-000','1ABCD','Стержневой ящик'),(518,'21126-1003015','856-0248-4367-000','2ABCD','Стержневой ящик'),(519,'21126-1003015','856-0248-4367-000','3ABCD','Стержневой ящик'),(520,'21126-1003015','856-0248-4367-000','4ABCD','Стержневой ящик'),(521,'21126-1003015','856-0248-4367-000','5ABCD','Стержневой ящик'),(522,'21126-1003015','856-0248-4367-000','6ABCD','Стержневой ящик'),(523,'21126-1003015','856-0248-4367-000','7ABCD','Стержневой ящик'),(524,'21126-1003015','856-0248-4367-000','8ABCD','Стержневой ящик'),(525,'21126-1003015','856-0248-4367-000','9ABCD','Стержневой ящик'),(526,'21126-1003015','856-0248-4367-000','10ABCD','Стержневой ящик'),(527,'21126-1003015','856-0248-4367-000','11ABCD','Стержневой ящик'),(528,'21126-1003015','856-0248-4367-000','12ABCD','Стержневой ящик'),(529,'21126-1003015','856-0248-4366-000','2B','Стержневой ящик'),(530,'21126-1003015','856-0248-4366-000','2Б','Стержневой ящик'),(531,'21126-1003015','856-0248-4366-000','2Д','Стержневой ящик'),(532,'21126-1003015','856-0248-4366-000','2Е','Стержневой ящик'),(533,'21126-1003015','856-0248-4366-000','2Ж','Стержневой ящик'),(534,'21126-1003015','856-0248-4366-000','2Г','Стержневой ящик'),(535,'21194-1003015','856-0248-4366-000','2К','Стержневой ящик'),(536,'21126-1003015','856-0248-4366-000','2Н','Стержневой ящик'),(537,'21126-1003015','856-0248-4366-000','2А','Стержневой ящик'),(538,'21126-1003015','856-0248-4366-000','2И','Стержневой ящик'),(539,'21126-1003015','856-0248-4366-000','2Л','Стержневой ящик'),(540,'21126-1003015','856-0248-4366-000','2М','Стержневой ящик'),(541,'21126-1003015','856-0248-4373-000','2А-2Б','Стержневой ящик'),(542,'21126-1003015','856-0248-4373-000','3А-3Б','Стержневой ящик'),(543,'21126-1003015','856-0248-4373-000','4А-4Б','Стержневой ящик'),(544,'21126-1003015','856-0248-4373-000','5А-5Б','Стержневой ящик'),(545,'21126-1003015','856-0248-4373-000','6А-6Б','Стержневой ящик'),(546,'21126-1003015','856-0248-4373-000','7А-7Б','Стержневой ящик'),(547,'21126-1003015','856-0248-4373-000','1А-1Б','Стержневой ящик'),(548,'21126-1003015','856-0248-4372-000','2А-2Б','Стержневой ящик'),(549,'21126-1003015','856-0248-4372-000','3А-3Б','Стержневой ящик'),(550,'21126-1003015','856-0248-4372-000','4А-4Б','Стержневой ящик'),(551,'21126-1003015','856-0248-4372-000','5А-5Б','Стержневой ящик'),(552,'21126-1003015','856-0248-4372-000','6А-6Б','Стержневой ящик'),(553,'21126-1003015','856-0248-4372-000','7А-7Б','Стержневой ящик'),(554,'21126-1003015','856-0248-4372-000','8А-8Б','Стержневой ящик'),(555,'11194-1003015','856-0410-7007-000','15','Кокиль'),(556,'11194-1003015','856-0410-7007-000','16','Кокиль'),(557,'11194-1003015','856-0410-7007-000','17','Кокиль'),(558,'11194-1003015','856-0248-7019-000','5А-5Б','Стержневой ящик'),(559,'11194-1003015','856-0248-7019-000','10А-10Б','Стержневой ящик'),(560,'2111-1008015','856-0410-4727-000','1','Кокиль'),(561,'2111-1008015','856-0410-4727-000','2','Кокиль'),(562,'2111-1008015','856-0410-4727-000','3','Кокиль'),(563,'2111-1008015','856-0410-4727-000','4','Кокиль'),(564,'2111-1008015','856-0410-4727-000','5','Кокиль'),(565,'2111-1008015','856-0410-4727-000','6','Кокиль'),(566,'2111-1008015','856-0410-4727-000','7','Кокиль'),(567,'2111-1008015','856-0410-4727-000','8','Кокиль'),(568,'2111-1008015','856-0410-4727-000','9','Кокиль'),(569,'2111-1008015','856-0410-4727-000','10','Кокиль'),(570,'2111-1008015','856-0410-4727-000','11','Кокиль'),(571,'2111-1008015','856-0410-4727-000','12','Кокиль'),(572,'2111-1008015','856-0410-4727-000','13','Кокиль'),(573,'2111-1008015','856-0410-4727-000','14','Кокиль'),(574,'2111-1008015','856-0410-4727-000','15','Кокиль'),(575,'2111-1008015','856-0248-4359-000','А','Стержневой ящик'),(576,'2111-1008015','856-0248-4359-000','Б','Стержневой ящик'),(577,'2111-1008015','856-0248-4359-000','В','Стержневой ящик'),(578,'2111-1008015','856-0248-4359-000','Г','Стержневой ящик'),(579,'2111-1008015','856-0248-4359-000','З','Стержневой ящик'),(580,'2111-1008015','856-0248-4359-000','И','Стержневой ящик'),(581,'2111-1008015','856-0248-4359-000','К','Стержневой ящик'),(582,'2111-1008015','856-0248-4359-000','Л','Стержневой ящик'),(583,'2111-1008015','856-0248-4359-000','М','Стержневой ящик'),(584,'2111-1008015','856-0248-4359-000','Н','Стержневой ящик'),(585,'2111-1008015','856-0248-4359-000','О','Стержневой ящик'),(586,'2111-1008015','856-0248-4359-000','П','Стержневой ящик'),(587,'2111-1008015','856-0248-4359-000','Р','Стержневой ящик'),(588,'21114-1003015','856-0410-4720-000','2','Кокиль'),(589,'21114-1003015','856-0410-4720-000','3','Кокиль'),(590,'21114-1003015','856-0248-4353-000','2','Стержневой ящик'),(591,'21114-1003015','856-0248-4353-000','3','Стержневой ящик'),(592,'21114-1003015','856-0248-4354-000','1А','Стержневой ящик'),(593,'21114-1003015','856-0248-4354-000','2А','Стержневой ящик'),(594,'21114-1003015','856-0248-4354-000','3А','Стержневой ящик'),(595,'2103-1008015','856-0410-4521-000','1','Пресс-форма'),(596,'2103-1008015','856-0410-4521-000','2','Пресс-форма'),(597,'2103-1008015','856-0410-4521-000','3','Пресс-форма'),(598,'2103-1008015','856-0410-4521-000','4','Пресс-форма'),(599,'2103-1008015','856-0410-4521-000','5','Пресс-форма'),(600,'2103-1008015','856-0410-4521-000','54','Пресс-форма'),(601,'2103-1008015','856-0410-4521-000','55','Пресс-форма'),(602,'2103-1008015','856-0248-4006-000','1Ж','Стержневой ящик'),(603,'2103-1008015','856-0248-4006-000','1Д','Стержневой ящик'),(604,'2103-1008015','856-0248-4006-000','4В','Стержневой ящик'),(605,'2103-1008015','856-0248-4006-000','5Д','Стержневой ящик'),(606,'2103-1008015','856-0248-4006-000','5Е','Стержневой ящик'),(607,'2103-1008015','856-0248-4005-000','4Б','Стержневой ящик'),(608,'2103-1008015','856-0248-4005-000','4Р','Стержневой ящик'),(609,'2103-1008015','856-0248-4005-000','4Л','Стержневой ящик'),(610,'2103-1008015','856-0248-4005-000','4Ж','Стержневой ящик'),(611,'2103-1008015','856-0248-4005-000','4Д','Стержневой ящик'),(612,'2103-1008015','856-0248-4005-000','4З','Стержневой ящик'),(613,'2108-1008015','856-0410-4647-000','6','Кокиль'),(614,'2108-1008015','856-0410-4647-000','9','Кокиль'),(615,'2108-1008015','856-0410-4647-000','10','Кокиль'),(616,'2108-1008015','856-0410-4647-000','13','Кокиль'),(617,'2108-1008015','856-0410-4647-000','14','Кокиль'),(618,'2108-1008015','856-0410-4647-000','16','Кокиль'),(619,'2108-1008015','856-0248-4233-000','5Б','Стержневой ящик'),(620,'2108-1008015','856-0248-4233-000','9Б','Стержневой ящик'),(621,'2121-1008015','856-0410-4637-000','5','Кокиль'),(622,'2121-1008015','856-0410-4637-000','6','Кокиль'),(623,'2121-1008015','856-0410-4637-000','7','Кокиль'),(624,'2121-1008015','856-0410-4637-000','8','Кокиль'),(625,'2121-1008015','856-0248-4201-000','4Л','Стержневой ящик'),(626,'2121-1008015','856-0248-4201-000','4П','Стержневой ящик'),(627,'2101-1004015','856-0410-4503-000','1','Кокиль'),(628,'2101-1004015','856-0410-4503-000','2','Кокиль'),(629,'2101-1004015','856-0410-4503-000','3','Кокиль'),(630,'2101-1004015','856-0410-4503-000','4','Кокиль'),(631,'2101-1004015','856-0410-4503-000','5','Кокиль'),(632,'2101-1004015','856-0410-4503-000','6','Кокиль'),(633,'2101-1004015','856-0410-4503-000','7','Кокиль'),(634,'2101-1004015','856-0410-4503-000','8','Кокиль'),(635,'2101-1004015','856-0410-4503-000','9','Кокиль'),(636,'2101-1004015','856-0410-4503-000','10','Кокиль'),(637,'2101-1004015','856-0410-4503-000','11','Кокиль'),(638,'2101-1004015','856-0410-4503-000','12','Кокиль'),(639,'2101-1004015','856-0410-4503-000','13','Кокиль'),(640,'2101-1004015','856-0410-4503-000','14','Кокиль'),(641,'2101-1004015','856-0410-4503-000','84','Кокиль'),(642,'2101-1004015','856-0410-4503-000','91','Кокиль'),(643,'2101-1004015','856-0410-4503-000','101','Кокиль'),(644,'2101-1004015','856-0410-4503-000','111','Кокиль'),(645,'2101-1004015','856-0410-4503-000','113','Кокиль'),(646,'2101-1004015','856-0410-4503-000','114','Кокиль'),(647,'2101-1004015','856-0410-4503-000','115','Кокиль'),(648,'2101-1004015','856-0410-4503-000','1р-2р','Кокиль'),(649,'21213-1004015','856-0410-4663-000-01','1-2','Кокиль'),(650,'21213-1004015','856-0410-4663-000-01','5-6','Кокиль'),(651,'21213-1004015','856-0410-4663-000-01','7-8','Кокиль'),(652,'21213-1004015','856-0410-4663-000-01','9-10','Кокиль'),(653,'21213-1004015','856-0410-4663-000-01','13-14','Кокиль'),(654,'21213-1004015','856-0410-4663-000-01','15-16','Кокиль'),(655,'21213-1004015','856-0410-4663-000-01','21-22','Кокиль'),(656,'21213-1004015','856-0410-4663-000-01','23-24','Кокиль'),(657,'21213-1004015','856-0410-4663-000-01','31-32','Кокиль'),(658,'21213-1004015','856-0410-4663-000-01','33-34','Кокиль'),(659,'21213-1004015','856-0410-4663-000-01','35-36','Кокиль'),(660,'21213-1004015','856-0410-4663-000-01','17-18','Кокиль'),(661,'21213-1004015','856-0410-4663-000-01','19-20','Кокиль'),(662,'21011-1004015','856-0410-4704-000','1','Кокиль'),(663,'21011-1004015','856-0410-4704-000','2','Кокиль'),(664,'21011-1004015','856-0410-4704-000','3','Кокиль'),(665,'21011-1004015','856-0410-4704-000','4','Кокиль'),(666,'21011-1004015','856-0410-4704-000','5','Кокиль'),(667,'21011-1004015','856-0410-4704-000','6','Кокиль'),(668,'21011-1004015','856-0410-4704-000','11','Кокиль'),(669,'21011-1004015','856-0410-4704-000','12','Кокиль'),(670,'21011-1004015','856-0410-4704-000','50','Кокиль'),(671,'21011-1004015','856-0410-4704-000','62','Кокиль'),(672,'21011-1004015','856-0410-4704-000','87','Кокиль'),(673,'21011-1004015','856-0410-4704-000','88','Кокиль'),(674,'21011-1004015','856-0410-4704-000','89','Кокиль'),(675,'21011-1004015','856-0410-4704-000','90','Кокиль'),(676,'21011-1004015','856-0410-4706-000','Р5-Р6','Кокиль'),(677,'21011-1004015','856-0410-4706-000','Р7-Р8','Кокиль'),(678,'21011-1004015','856-0410-4706-000','Р9-Р10','Кокиль'),(679,'21011-1004015','856-0410-4706-000','Р11-Р12','Кокиль'),(680,'21011-1004015','856-0410-4706-000','Р13-Р14','Кокиль'),(681,'21011-1004015','856-0410-4706-000','Р15-Р16','Кокиль'),(682,'21011-1004015','856-0410-4706-000','Р17-Р18','Кокиль'),(683,'21011-1004015','856-0410-4706-000','Р19-Р20','Кокиль'),(684,'21011-1004015','856-0410-4706-000','Р21-Р22','Кокиль'),(685,'21011-1004015','856-0410-4706-000','Р23-Р24','Кокиль'),(686,'21011-1004015','856-0410-4706-000','Р25-Р26','Кокиль'),(687,'21011-1004015','856-0410-4706-000','Р27-Р28','Кокиль'),(688,'21083-1004015','856-0410-4663-000','1-2','Кокиль'),(689,'21083-1004015','856-0410-4663-000','3-4','Кокиль'),(690,'21083-1004015','856-0410-4663-000','5-6','Кокиль'),(691,'21083-1004015','856-0410-4663-000','7-8','Кокиль'),(692,'21083-1004015','856-0410-4663-000','9-10','Кокиль'),(693,'21083-1004015','856-0410-4663-000','11-12','Кокиль'),(694,'21083-1004015','856-0410-4663-000','13-14','Кокиль'),(695,'21083-1004015','856-0410-4663-000','15-16','Кокиль'),(696,'21083-1004015','856-0410-4663-000','17-18','Кокиль'),(697,'21083-1004015','856-0410-4663-000','19-20','Кокиль'),(698,'21083-1004015','856-0410-4663-000','21-22','Кокиль'),(699,'21083-1004015','856-0410-4663-000','23-24','Кокиль'),(700,'21083-1004015','856-0410-4663-000','25-26','Кокиль'),(701,'21083-1004015','856-0410-4663-000','27-28','Кокиль'),(702,'21083-1004015','856-0410-4663-000','29-30','Кокиль'),(703,'21083-1004015','856-0410-4663-000','31-32','Кокиль'),(704,'21083-1004015','856-0410-4663-000','33-34','Кокиль'),(705,'21083-1004015','856-0410-4663-000','37-38','Кокиль'),(706,'21083-1004015','856-0410-4663-000','39-40','Кокиль'),(707,'21083-1004015','856-0410-4663-000','63-64','Кокиль'),(708,'21083-1004015','856-0410-4663-000','65-66','Кокиль'),(709,'21083-1004015','856-0410-4663-000','69-70','Кокиль'),(710,'2110-1004015','856-0410-4663-000-02','17-18','Кокиль'),(711,'2110-1004015','856-0410-4663-000-02','21-22','Кокиль'),(712,'2110-1004015','856-0410-4663-000-02','23-24','Кокиль'),(713,'2110-1004015','856-0410-4663-000-02','25-26','Кокиль'),(714,'2110-1004015','856-0410-4663-000-02','27-28','Кокиль'),(715,'2110-1004015','856-0410-4663-000-02','29-30','Кокиль'),(716,'2110-1004015','856-0410-4663-000-02','31-32','Кокиль'),(717,'2110-1004015','856-0410-4663-000-02','33-34','Кокиль'),(718,'2110-1004015','856-0410-4663-000-02','35-36','Кокиль'),(719,'2110-1004015','856-0410-4663-000-02','37-38','Кокиль'),(720,'2110-1004015','856-0410-4663-000-02','39-40','Кокиль'),(721,'21124-1004015','856-0410-4710-000','1-2','Кокиль'),(722,'21124-1004015','856-0410-4710-000','7-8','Кокиль'),(723,'21124-1004015','856-0410-4710-000','9-10','Кокиль'),(724,'21124-1004015','856-0410-4710-000','11-12','Кокиль'),(725,'21124-1004015','856-0410-4710-000','13-14','Кокиль'),(726,'21124-1004015','856-0410-4710-000','15-16','Кокиль'),(727,'21124-1004015','856-0410-4710-000','17-18','Кокиль'),(728,'2123-1008015','851-0410-7005-000','1','Кокиль'),(729,'2123-1008015','851-0410-7005-000','2','Кокиль'),(730,'2123-1008015','851-0410-7005-000','3','Кокиль'),(731,'2123-1008015','851-0410-7005-000','4','Кокиль'),(732,'2123-1008015','851-0410-7005-000','5','Кокиль'),(733,'2123-1008015','851-0410-7005-000','6','Кокиль'),(734,'2123-1008015','851-0410-7005-000','7','Кокиль'),(735,'2123-1008015','851-0410-7005-000','8','Кокиль'),(736,'2123-1008015','851-0410-7005-000','9','Кокиль'),(737,'2123-1008015','851-0248-7012-000','1','Стержневой ящик'),(738,'2123-1008015','851-0248-7012-000','2','Стержневой ящик'),(739,'2123-1008015','851-0248-7012-000','3','Стержневой ящик'),(740,'2123-1008015','851-0248-7012-000','4','Стержневой ящик'),(741,'2123-1008015','851-0248-7012-000','5','Стержневой ящик'),(742,'2123-1008015','851-0248-7012-000','6','Стержневой ящик'),(743,'2123-1008015','851-0248-7012-000','7','Стержневой ящик'),(744,'21214-1008031','851-0410-7010-000','1','Кокиль'),(745,'21214-1008031','851-0410-7010-000','2','Кокиль'),(746,'21214-1008031','851-0410-7010-000','3','Кокиль'),(747,'21214-1008031','851-0410-7010-000','4','Кокиль'),(748,'21214-1008031','851-0410-7010-000','5','Кокиль'),(749,'21214-1008031','851-0410-7010-000','6','Кокиль'),(750,'21214-1008031','851-0410-7010-000','7','Кокиль'),(751,'21214-1008031','851-0410-7010-000','8','Кокиль'),(752,'21214-1008031','851-0410-7010-000','9','Кокиль'),(753,'21214-1008031','851-0248-7031-000','1Б-4Б','Стержневой ящик'),(754,'21214-1008031','851-0248-7031-000','1В-4В','Стержневой ящик'),(755,'21214-1008031','851-0248-7031-000','2А-3А','Стержневой ящик'),(756,'21214-1008031','851-0248-7031-000','2Г-3Г','Стержневой ящик'),(757,'21214-1008031','851-0248-7031-000','1Е-4Е','Стержневой ящик'),(758,'21214-1008031','851-0248-7031-000','1Д-4Д','Стержневой ящик'),(759,'21214-1008031','851-0248-7032-000','2Б-3Б','Стержневой ящик'),(760,'21214-1008031','851-0248-7032-000','2В-3В','Стержневой ящик'),(761,'21214-1008031','851-0248-7032-000','1Г-4Г','Стержневой ящик'),(762,'21214-1008031','851-0248-7032-000','2Е-3Е','Стержневой ящик'),(763,'21214-1008031','851-0248-7032-000','2Д-3Д','Стержневой ящик'),(764,'21214-1008031','851-0248-7032-000','1А-4А','Стержневой ящик'),(765,'2108-1008045','851-0248-4234-000','6Б','Стержневой ящик'),(766,'21214-1008031-70','856-0248-7032-000','1Б-4Б','Стержневой ящик'),(767,'21214-1008031','851-0248-7031-000','2Д-3Д','Стержневой ящик'),(768,'11186-1003015','856-0248-4391-000','1','Стержневой ящик'),(769,'21083-1003015','856-0248-4245-000','4А','Стержневой ящик'),(770,'11186-1003015','851-0248-7025-000','12А','Стержневой ящик'),(771,'11186-1003015','851-0248-7025-000','11А','Стержневой ящик');
/*!40000 ALTER TABLE `codificator` ENABLE KEYS */;
UNLOCK TABLES;

--
-- Temporary table structure for view `group_permission`
--

DROP TABLE IF EXISTS `group_permission`;
/*!50001 DROP VIEW IF EXISTS `group_permission`*/;
/*!50001 CREATE TABLE `group_permission` (
  `group` varchar(10),
  `allowed` char(1),
  `action` varchar(255),
  `path` varchar(255),
  `actions_id` int(11),
  `id` int(11)
) */;

--
-- Table structure for table `journal`
--

DROP TABLE IF EXISTS `journal`;
CREATE TABLE `journal` (
  `id` int(11) NOT NULL AUTO_INCREMENT,
  `detalavto` varchar(255) CHARACTER SET cp1251 DEFAULT NULL,
  `nosnas` varchar(255) CHARACTER SET cp1251 DEFAULT NULL,
  `nkompl` varchar(255) CHARACTER SET cp1251 DEFAULT NULL,
  `nazvdet` varchar(255) CHARACTER SET cp1251 DEFAULT NULL,
  `doc` varchar(255) CHARACTER SET cp1251 DEFAULT NULL,
  `docdate` date DEFAULT NULL,
  `startdate` datetime DEFAULT NULL,
  `vidremonta` varchar(255) CHARACTER SET cp1251 DEFAULT NULL,
  `finishdate` datetime DEFAULT NULL,
  `notes` varchar(255) CHARACTER SET cp1251 DEFAULT NULL,
  PRIMARY KEY (`id`)
) ENGINE=MyISAM AUTO_INCREMENT=128 DEFAULT CHARSET=utf8 ROW_FORMAT=FIXED;

--
-- Dumping data for table `journal`
--

LOCK TABLES `journal` WRITE;
/*!40000 ALTER TABLE `journal` DISABLE KEYS */;
INSERT INTO `journal` VALUES (6,'2112-1601015','856-0543-4781-000','5','Пресс-форма','15','2013-07-30','2013-08-15 09:40:52','Доработка по сообщению',NULL,'доработка по к/з 490'),(7,'2112-1011052','856-0543-4737-000','5','Пресс-форма','108','2013-08-14','2013-08-15 09:49:46','Доработка по сообщению',NULL,'доработать по к/з 511, дополнение к 988 от 25.07.13'),(8,'2108-1003264','856-0543-4709-000','2','Пресс-форма','70','2013-08-07','2013-08-15 09:51:58','Доработка по сообщению',NULL,'устранить задиры, выполнить маркировку'),(9,'2110-1701015','856-0543-4729-000','2','Пресс-форма','339','2013-01-14','2013-08-15 09:54:25','Доработка по извещению',NULL,'доработать по извещению 36.0412-12,дополнительно сообщение 609 от 16.01.13'),(10,'2107-1703204','856-0543-4702-000','2','Пресс-форма','493','2013-05-13','2013-08-15 09:56:08','Доработка по сообщению',NULL,'доработать по к/з 18'),(11,'2107-1702015','856-0543-4691-000','3','Пресс-форма','951','2013-05-24','2013-08-15 09:58:49','Доработка по извещению',NULL,'доработать по извещению 36.0318-12,дополнительно сообщение 461 от 29.04.13'),(12,'2121-1804021','856-0543-4553-000','1','Пресс-форма','38','2013-08-02','2013-08-15 10:02:11','Доработка по сообщению',NULL,'не доходят подвижные стержня, устранить проливы металла'),(13,'2110-1703054','856-0543-4731-000','1','Пресс-форма','43','2013-08-05','2013-08-15 10:03:59','Доработка по сообщению',NULL,'доработать по к/з 510'),(14,'2112-1006033','856-0543-4765-000','2','Пресс-форма','840','2013-02-14','2013-08-15 10:25:14','Доработка по сообщению',NULL,'доработать по к/з 374'),(15,'11183-3401015','851-0543-7026-000','5','Пресс-форма','993','2013-07-26','2013-08-15 10:26:20','Доработка по сообщению',NULL,'доработать по к/з 470'),(16,'2181-1601015','851-0543-7042-000','4','Пресс-форма','816','2013-08-09','2013-08-15 11:52:02','Мелкий',NULL,'убрать поднутрения. металлизацию'),(17,'2112-1011052','856-0543-4737-000','2','Пресс-форма','814','2013-08-09','2013-08-15 11:53:54','Средний',NULL,'подогнать замки,ползуны,устранить разгары'),(18,'2110-1703054','856-0543-4731-000','4','Пресс-форма','658','2013-08-01','2013-08-15 11:55:45','Мелкий',NULL,'доработать по к/з480'),(19,'2181-1601015','851-0543-7042-000','3','Пресс-форма','550','2013-07-29','2013-08-15 11:58:01','Средний',NULL,'полировка матриц,заменить водяные трубки, прочистить охлаждение'),(20,'2108-1005153','856-0543-4650-000','2','Пресс-форма','609','2013-07-31','2013-08-15 12:00:24','Мелкий',NULL,'восстанановить выкраш. места,разгары подогнать разъем на прессе, устранить задиры'),(21,'2101-1006033','856-0543-4501-000','3','Пресс-форма','521','2013-07-26','2013-08-15 12:02:36','Мелкий',NULL,'обрыв толкателей,откручивается крепление нижнего г/ц'),(22,'2108-1014202','856-0543-4689-000','2','Пресс-форма','734','2013-01-30','2013-08-15 12:05:56','Мелкий',NULL,'восстан.выкр. места подогнать замки, подогнать стержня на стык, направление 763 от 31.01.13 доработать геометрию по к/з 245'),(23,'2101-1006033','856-0543-4501-000','5','Пресс-форма','711','2013-03-16','2013-08-15 12:09:14','Средний',NULL,'устранить разгарные трещины, подогнать стержня, замки, подогнать плоскость разъёма'),(24,'1118-1001032','851-0543-7023-000','2','Пресс-форма','801','2013-03-20','2013-08-15 12:12:09','Средний',NULL,'прочистить охлаждение, заменить все стержня. направление 291 от 10.04.13 доработать по извещению 51.0426-12'),(25,'21214-1002060','856-0543-4769-000','1','Пресс-форма','398','2013-07-19','2013-08-15 12:14:10','Мелкий',NULL,'заменить знаки, прочистить охлаждение'),(26,'2121-1802012','856-0543-4644-000','3','Пресс-форма','274','2012-09-19','2013-08-15 12:16:10','Мелкий',NULL,'расклинить ползуны,направление 369 от 24.09.12 доработать геометрию по к/з 55'),(27,'2121-1802012','856-0543-4644-000','1','Пресс-форма','193','2013-04-05','2013-08-15 12:19:10','Мелкий',NULL,'устранить отклонения по геометрии,направление 304 от 10.04.13 извещение 36.0007-12 направление 242 от 08.04.13'),(28,'2192-3401015','851-0543-7041-000','5','Пресс-форма','139','2013-07-04','2013-08-15 12:20:51','Мелкий',NULL,'восстановить боковой ползун, подогнать ползуны, замки, восстановить охлаждение'),(29,'2112-1011052','856-0543-4737-000','3','Пресс-форма','835','2013-03-21','2013-08-15 12:23:14','Мелкий',NULL,'подогнать стержня на стык, востановить газоотводящие каналы,устранить отклонения по геометрии к/з 668'),(30,'2101-1011020','856-0543-4511-000','4','Пресс-форма','305','2013-01-11','2013-08-15 12:25:33','Мелкий',NULL,'подогнать ползуны, замки направление 268 от 10.01.13 устранить течь воды с матрицы'),(31,'2121-1802020','856-0543-4546-000','2','Пресс-форма','933','2013-03-26','2013-08-15 12:27:01','Средний',NULL,'подогнать замки, заменить колонки, прочистить охлаждение'),(32,'11183-3401015','851-0543-7026-000','2','Пресс-форма','552','2013-04-23','2013-08-15 12:28:47','Мелкий',NULL,'лопнула матрица в неподвижной половине, подогнать стержня на стык'),(33,'2107-1703204','856-0543-4702-000','1','Пресс-форма','803','2013-05-30','2013-08-15 12:30:00','Доработка по сообщению',NULL,'доработать по к/з 274 брак'),(34,'2108-1008045','851-0248-4234-000','6Б','Стержневой ящик','884','2013-08-13','2013-08-15 13:46:21','Средний',NULL,'выроботка ф/образующих'),(35,'11186-1003015','856-0248-4390-000','41-42','Стержневой ящик','946','2013-02-08','2013-08-15 13:47:35','Средний',NULL,'выроботка ф/образующих'),(36,'21214-1008031','851-0248-7031-000','2А-3А','Стержневой ящик','39','2013-03-29','2013-08-15 13:50:26','Мелкий',NULL,'доработать по заключению БАЭСП-13'),(37,'21214-1008031','851-0248-7032-000','1А-4А','Стержневой ящик','38','2013-03-29','2013-08-15 13:51:11','Мелкий',NULL,'доработать по заключению БАЭСП-13'),(38,'21214-1008031','851-0248-7032-000','2Б-3Б','Стержневой ящик','509','2013-03-06','2013-08-15 13:53:07','Средний',NULL,'выроботка ф/образующих'),(39,'21214-1008031-70','856-0248-7032-000','1Б-4Б','Стержневой ящик','514','2013-03-06','2013-08-15 13:55:29','Средний',NULL,'выроботка ф/образующих'),(40,'21126-1003015','856-0248-4372-000','4А-4Б','Стержневой ящик','812','2013-03-20','2013-08-15 13:56:45','Средний',NULL,'выроботка ф/образующих'),(41,'21126-1003015','856-0248-4373-000','1А-1Б','Стержневой ящик','62','2013-05-30','2013-08-15 13:59:55','Средний',NULL,'выроботка ф/образующих'),(42,'11186-1003015','856-0248-4245-000','21А','Стержневой ящик','631','2013-05-29','2013-08-15 14:01:45','Доработка по сообщению',NULL,'произвести ремонт толкателей'),(43,'2121-1008015','856-0248-4201-000','4Л','Стержневой ящик','342','2013-06-14','2013-08-15 14:03:25','Мелкий',NULL,'ремонт рамы толкателей, заменить втулки, направляющие'),(44,'11183-1003015','856-0248-4325-000','11-12','Стержневой ящик','84','2013-08-09','2013-08-15 14:04:47','Доработка по сообщению',NULL,'клинят толкатели, заменить горелку инжектора'),(45,'11186-1003015','851-0248-7025-000','6А','Стержневой ящик','254','2013-08-09','2013-08-15 14:06:11','Мелкий',NULL,'произвести ремонт надувных плит'),(46,'11186-1003015','851-0248-7025-000','5А','Стержневой ящик','254','2013-08-09','2013-08-15 14:06:55','Мелкий',NULL,'произвести ремонт надувных плит'),(47,'11186-1003015','856-0248-4390-000','31-32','Стержневой ящик','515','2013-07-26','2013-08-15 14:08:06','Средний',NULL,'выполнить средний ремонт'),(48,'11194-1003015','856-0248-7019-000','5А-5Б','Стержневой ящик','236','2013-02-22','2013-08-15 14:10:18','Средний',NULL,'произвести ремонт надувной плиты, заменить все венты, заменить втулки'),(49,'21126-1003015','856-0248-4371-000','7А-7Б','Стержневой ящик','592','2013-06-28','2013-08-15 14:11:12','Средний',NULL,'износ оснастки'),(50,'21214-1003015-73','856-0248-4368-000','9','Стержневой ящик','684','2013-07-17','2013-08-16 08:16:26','Средний',NULL,'выроботка ф/образующих'),(51,'21214-1003015-73','856-0248-4368-000','5','Стержневой ящик','869','2012-12-13','2013-08-16 08:17:51','Средний',NULL,'выроботка ф/образующих'),(52,'21213-1004015','856-0410-4663-000-01','17-18','Кокиль','21','2013-07-31','2013-08-16 08:19:50','Доработка по сообщению',NULL,'доработать пок/з 4140,4141,4143'),(53,'21083-1004015','856-0410-4663-000','5-6','Кокиль','559','2013-05-20','2013-08-16 08:22:25','Доработка по сообщению',NULL,'доработать по к/з 2816,2815,2814,2810'),(54,'21213-1004015','856-0410-4663-000-01','7-8','Кокиль','512','2013-02-27','2013-08-16 08:23:28','Средний',NULL,''),(55,'21083-1004015','856-0410-4663-000','21-22','Кокиль','577','2013-04-24','2013-08-16 08:25:04','Средний',NULL,'геометрия брак'),(56,'2110-1004015','856-0410-4663-000-02','33-34','Кокиль','206','2011-09-22','2013-08-16 08:27:12','Доработка по сообщению',NULL,'дораработать по к/з 393'),(57,'21213-1004015','856-0410-4663-000-01','9-10','Кокиль','841','2013-03-21','2013-08-16 08:28:13','Средний',NULL,''),(58,'21083-1004015','856-0410-4663-000','27-28','Кокиль','211','2013-02-21','2013-08-16 08:29:09','Средний',NULL,'геометрия брак'),(59,'2110-1004015','856-0410-4663-000-02','37-38','Кокиль','353','2010-10-11','2013-08-16 08:30:30','Средний',NULL,''),(60,'21083-1004015','856-0410-4663-000','19-20','Кокиль','197','2013-07-08','2013-08-16 08:31:33','Средний',NULL,'геометрия брак'),(61,'21083-1004015','856-0410-4663-000','31-32','Кокиль','742','2013-08-06','2013-08-16 08:32:36','Средний',NULL,'геометрия брак'),(62,'21124-1004015','856-0410-4710-000','15-16','Кокиль','279','2012-09-19','2013-08-16 08:33:40','Средний',NULL,'геометрия брак'),(63,'21083-1004015','856-0410-4663-000','11-12','Кокиль','68','2012-04-27','2013-08-16 08:34:44','Средний',NULL,'геометрия брак'),(64,'21213-1004015','856-0410-4663-000-01','19-20','Кокиль','578','2013-04-24','2013-08-16 08:35:39','Средний',NULL,'геометрия брак'),(65,'21213-1004015','856-0410-4663-000-01','15-16','Кокиль','593','2013-06-28','2013-08-16 08:36:26','Средний',NULL,'геометрия брак'),(66,'21213-1004015','856-0410-4663-000-01','21-22','Кокиль','404','2012-09-25','2013-08-16 08:37:18','Средний',NULL,'геометрия брак'),(67,'11186-1003015','851-0248-7025-000','1А','Стержневой ящик','868','2012-03-13','2013-08-16 09:34:21','Профилактический',NULL,'брак геометрии'),(68,'2111-1008015','856-0248-4359-000','З','Стержневой ящик','613','2009-12-11','2013-08-16 09:36:35','Средний',NULL,'сообщение 827 от 09.08.11 доработать по к/з 1558'),(69,'2123-1008015','851-0248-7012-000','7','Стержневой ящик','139','2013-04-03','2013-08-16 09:38:02','Средний',NULL,'выроботка ф/образующих'),(70,'2123-1008015','851-0248-7012-000','6','Стержневой ящик','138','2013-04-03','2013-08-16 09:39:05','Средний',NULL,'выроботка ф/образующих'),(71,'11186-1003015','851-0248-7025-000','2А','Стержневой ящик','869','2012-03-13','2013-08-16 09:40:16','Профилактический',NULL,'брак по геометрии'),(72,'2111-1008015','856-0248-4359-000','П','Стержневой ящик','893','2012-12-14','2013-08-16 09:41:03','Средний',NULL,''),(73,'2111-1008015','856-0248-4359-000','Р','Стержневой ящик','892','2012-12-14','2013-08-16 09:42:32','Средний',NULL,''),(74,'11183-1003015','856-0248-4231-000','23Б','Стержневой ящик','806','2013-05-16','2013-08-16 09:43:33','Средний',NULL,'выроботка ф/образующих'),(75,'11183-1003015','856-0248-4231-000','24Б','Стержневой ящик','806','2013-05-16','2013-08-16 09:44:18','Средний',NULL,'выроботка ф/образующих'),(76,'21126-1003015','856-0248-4366-000','2Б','Стержневой ящик','408','2007-08-09','2013-08-16 09:45:54','Средний',NULL,'выроботка ф/образующих'),(77,'21213-1003015','856-0248-4294-000','1','Стержневой ящик','58','2013-02-14','2013-08-16 09:46:51','Средний',NULL,'выроботка ф/образующих'),(78,'21214-1003015-73','856-0248-4369-000','5','Стержневой ящик','29','2013-02-13','2013-08-16 09:48:10','Средний',NULL,'выроботка ф/образующих'),(79,'21214-1003015-73','856-0248-4369-000','6','Стержневой ящик','29','2013-02-13','2013-08-16 09:49:02','Средний',NULL,'выроботка ф/образующих'),(80,'21126-1003015','856-0248-4366-000','2Л','Стержневой ящик','752','2013-03-06','2013-08-16 09:49:53','Средний',NULL,''),(81,'21214-1003015-73','856-0248-4369-000','19','Стержневой ящик','601','2013-07-31','2013-08-16 09:50:40','Средний',NULL,'выроботка ф/образующих'),(82,'21214-1003015-73','856-0248-4369-000','20','Стержневой ящик','608','2013-07-31','2013-08-16 09:51:25','Средний',NULL,'выроботка ф/образующих'),(83,'21214-1003015-73','856-0248-4368-000','1','Стержневой ящик','725','2013-03-18','2013-08-16 09:52:22','Средний',NULL,'выроботка ф/образующих'),(84,'21083-1003015','856-0410-4650-000','28','Кокиль','724','2012-08-28','2013-08-16 09:54:08','Доработка по извещению',NULL,'доработать по извещениям'),(85,'2111-1008015','856-0410-4727-000','15','Кокиль','743','2013-08-06','2013-08-16 09:55:03','Средний',NULL,'геометрия брак'),(86,'21214-1003015-71','856-0410-4738-000','25','Кокиль','955','2012-12-18','2013-08-16 09:56:27','Мелкий',NULL,'переделать под отливку'),(87,'21083-1003015','856-0410-4650-000','33','Кокиль','852','2013-08-12','2013-08-16 09:57:27','Мелкий',NULL,'заменить полозки'),(88,'21214-1003015-73','856-0410-4738-000-30','20','Кокиль','154','2012-11-07','2013-08-16 09:59:18','Средний',NULL,'геометрия брак'),(89,'21083-1003015','856-0410-4650-000','6','Кокиль','820','2012-10-10','2013-08-16 10:01:30','Средний',NULL,'геометрия брак'),(90,'21083-1003015','856-0410-4650-000','2','Кокиль','590','2013-06-28','2013-08-16 10:02:38','Мелкий',NULL,'доработать по к/з 318 от 27.06.13'),(91,'21083-1003015','856-0410-4650-000','3','Кокиль','818','2013-08-09','2013-08-16 10:04:16','Мелкий',NULL,'восстан. посад. места,устранить заливы вент. заменить все венты'),(92,'21083-1003015','856-0410-4650-000','18','Кокиль','583','2013-07-30','2013-08-16 10:05:36','Мелкий',NULL,'восстановить все базы по чертежу'),(93,'2111-1008015','856-0410-4727-000','3','Кокиль','309','2013-02-26','2013-08-16 10:06:27','Средний',NULL,'геометрия брак'),(94,'21083-1003015','856-0410-4650-000','9','Кокиль','350','2013-01-14','2013-08-16 10:07:37','Мелкий',NULL,'доработать по извещениям'),(95,'21214-1003015-71','856-0410-4738-000','26','Кокиль','992','2010-11-26','2013-08-16 10:08:54','Доработка по сообщению',NULL,'доработать по к/з 270'),(96,'21214-1003015-73','856-0410-4738-000-30','22','Кокиль','948','2013-02-08','2013-08-16 10:10:25','Средний',NULL,'геометрия брак'),(97,'11183-1003015','856-0410-4712-000','2-10','Кокиль','636','2012-03-01','2013-08-16 10:12:57','Мелкий',NULL,'доработать базы,дораб. по сообщению 26 от 01.03.12'),(98,'21126-1003015','856-0410-4742-000','11','Кокиль','698','2013-05-07','2013-08-16 11:55:18','Мелкий',NULL,'восстановить плоскость разъёмов'),(99,'21126-1003015','856-0410-4742-000','21','Кокиль','61','2013-05-30','2013-08-16 11:56:34','Мелкий',NULL,'устранить разгарные раковины, заменить полозки'),(100,'21126-1003015','856-0410-4735-000','1','Кокиль','766','2013-03-19','2013-08-16 11:58:05','Мелкий',NULL,'устранить разгарные раковины'),(101,'21126-1003015','856-0410-4735-000','5','Кокиль','118','2013-05-11','2013-08-16 11:59:20','Средний',NULL,''),(102,'21126-1003015','856-0410-4735-000','6','Кокиль','186','2013-05-15','2013-08-16 12:00:11','Средний',NULL,''),(103,'21126-1003015','856-0410-4735-000','2','Кокиль','682','2013-08-02','2013-08-16 12:01:25','Мелкий',NULL,'доработать согласно к/з 509'),(104,'21083-1003015','856-0410-4650-000','27','Кокиль','570','2013-06-27','2013-08-16 12:02:15','Мелкий',NULL,'доработать по к/з 171 от 03.06.13'),(105,'2111-1008015','856-0410-4727-000','9','Кокиль','796','2013-08-08','2013-08-16 12:03:33','Доработка по извещению',NULL,'доработать по извещению 36.0426-10, 36.0210-13'),(106,'21126-1003015','856-0410-4735-000','7','Кокиль','883','2013-08-13','2013-08-16 12:05:26','Мелкий',NULL,'заменить вставки, устранить проливы'),(107,'21214-1008031','851-0248-7031-000','1Д-4Д','Стержневой ящик','248','2012-09-18','2013-08-20 09:41:53','Доработка после испытаний',NULL,'по заключению БАЭСП-13'),(108,'21214-1008031','851-0248-7031-000','2Д-3Д','Стержневой ящик','769','2013-03-19','2013-08-20 09:45:22','Доработка после испытаний',NULL,'по заключению БАЭСП-13 и по к/з682'),(109,'21214-1008031','851-0248-7032-000','1Г-4Г','Стержневой ящик','979','2013-03-01','2013-08-20 09:48:31','Доработка по сообщению',NULL,'произвести полировку знака, доработать по к/з 459'),(110,'21214-1008031','851-0248-7031-000','2Г-3Г','Стержневой ящик','979','2013-03-01','2013-08-20 09:50:08','Доработка по сообщению',NULL,'произвести полировку знака, доработать по к/з 459'),(111,'11194-1003015','856-0248-7019-000','10А-10Б','Стержневой ящик','804','2012-05-30','2013-08-20 09:52:19','Доработка по сообщению',NULL,'устранить задиры, восстановить прижымные бабышки'),(112,'11186-1003015','856-0248-4391-000','1','Стержневой ящик','692','2013-01-29','2013-08-20 09:54:56','Доработка по извещению',NULL,'доработать по извещению 36.0346-12'),(113,'21083-1003015','856-0248-4245-000','4А','Стержневой ящик','287','2013-04-09','2013-08-20 09:57:14','Доработка после испытаний',NULL,'доработать по к/з 816'),(114,'21214-1003015-73','856-0410-4738-000-30','34','Кокиль','229','2012-03-28','2013-08-20 10:00:02','Доработка по сообщению',NULL,'доработать пао к/з 718'),(115,'21214-1003015-73','856-0410-4738-000-30','37','Кокиль','705','2013-06-11','2013-08-20 10:01:16','Доработка по сообщению',NULL,'доработать по к/з 189'),(116,'21214-1003015-73','856-0410-4738-000-30','33','Кокиль','283','2012-04-03','2013-08-20 10:02:26','Доработка по сообщению',NULL,'доработать по к/з 769'),(117,'11186-1003015','851-0248-7025-000','12А','Стержневой ящик','292','2013-04-09','2013-08-20 10:05:03','Доработка по сообщению',NULL,'доработать по к/з 805'),(118,'11186-1003015','851-0248-7025-000','11А','Стержневой ящик','274','2013-04-08','2013-08-20 10:06:48','Доработка по сообщению',NULL,'доработать по к/з 804'),(119,'21114-1003015','856-0248-4353-000','3','Стержневой ящик','994','2009-06-22','2013-08-20 10:08:36','Доработка по сообщению',NULL,'доработать по к/з 49');
/*!40000 ALTER TABLE `journal` ENABLE KEYS */;
UNLOCK TABLES;

--
-- Table structure for table `nazvdet`
--

DROP TABLE IF EXISTS `nazvdet`;
CREATE TABLE `nazvdet` (
  `id` tinyint(4) NOT NULL AUTO_INCREMENT,
  `name` varchar(255) CHARACTER SET cp1251 DEFAULT NULL,
  PRIMARY KEY (`id`)
) ENGINE=MyISAM AUTO_INCREMENT=6 DEFAULT CHARSET=utf8 ROW_FORMAT=FIXED;

--
-- Dumping data for table `nazvdet`
--

LOCK TABLES `nazvdet` WRITE;
/*!40000 ALTER TABLE `nazvdet` DISABLE KEYS */;
INSERT INTO `nazvdet` VALUES (1,'Пресс-форма'),(2,'Кокиль'),(3,'Стержневой ящик'),(4,'Модельный комплект'),(5,'Штамп');
/*!40000 ALTER TABLE `nazvdet` ENABLE KEYS */;
UNLOCK TABLES;

--
-- Table structure for table `permission`
--

DROP TABLE IF EXISTS `permission`;
CREATE TABLE `permission` (
  `id` int(11) NOT NULL AUTO_INCREMENT,
  `user_id` int(11) DEFAULT NULL,
  `allowed` char(1) CHARACTER SET cp1251 DEFAULT NULL,
  `action_id` varchar(255) CHARACTER SET cp1251 DEFAULT NULL,
  PRIMARY KEY (`id`)
) ENGINE=MyISAM AUTO_INCREMENT=54 DEFAULT CHARSET=utf8;

--
-- Dumping data for table `permission`
--

LOCK TABLES `permission` WRITE;
/*!40000 ALTER TABLE `permission` DISABLE KEYS */;
INSERT INTO `permission` VALUES (1,1,'1','1'),(2,1,'1','2'),(3,1,'1','3'),(4,1,'1','4'),(5,1,'1','5'),(6,2,'1','1'),(7,2,'1','2'),(8,2,'1','3'),(9,3,'1','1'),(10,3,'1','4'),(26,2,'0','4'),(30,3,'0','5'),(29,3,'0','3'),(28,3,'0','2'),(27,2,'0','5'),(46,3,'0','6'),(45,2,'0','6'),(44,1,'1','6'),(43,NULL,NULL,NULL);
/*!40000 ALTER TABLE `permission` ENABLE KEYS */;
UNLOCK TABLES;

--
-- Table structure for table `users`
--

DROP TABLE IF EXISTS `users`;
CREATE TABLE `users` (
  `id` int(11) NOT NULL AUTO_INCREMENT,
  `group` varchar(10) NOT NULL,
  `login` varchar(50) NOT NULL,
  `pass` varchar(50) NOT NULL,
  `rang` varchar(50) DEFAULT NULL,
  `fio` varchar(255) DEFAULT NULL,
  `theme` varchar(255) DEFAULT NULL,
  PRIMARY KEY (`id`)
) ENGINE=MyISAM AUTO_INCREMENT=17 DEFAULT CHARSET=utf8 AVG_ROW_LENGTH=106;

--
-- Dumping data for table `users`
--

LOCK TABLES `users` WRITE;
/*!40000 ALTER TABLE `users` DISABLE KEYS */;
INSERT INTO `users` VALUES (1,'admin','dig','1',NULL,'Годяев Дмитрий Иванович','cupertino/jquery-ui-1.8.18.custom.css'),(2,'pdo','pdo','1',NULL,'Петров Пётр Петрович','ui-lightness/jquery-ui-1.8.18.custom.css'),(3,'pdomo','pdomo','1',NULL,'Иванов Иван Иванович','ui-lightness/jquery-ui-1.8.18.custom.css');
/*!40000 ALTER TABLE `users` ENABLE KEYS */;
UNLOCK TABLES;

--
-- Temporary table structure for view `users_permission_actions`
--

DROP TABLE IF EXISTS `users_permission_actions`;
/*!50001 DROP VIEW IF EXISTS `users_permission_actions`*/;
/*!50001 CREATE TABLE `users_permission_actions` (
  `userid` int(11),
  `group` varchar(10),
  `fio` varchar(255),
  `login` varchar(50),
  `pass` varchar(50),
  `rang` varchar(50),
  `id` int(11),
  `action_id` varchar(255),
  `allowed` char(1),
  `user_id` int(11),
  `actionid` int(11),
  `action` varchar(255),
  `path` varchar(255)
) */;

--
-- Table structure for table `vidremonta`
--

DROP TABLE IF EXISTS `vidremonta`;
CREATE TABLE `vidremonta` (
  `id` tinyint(4) NOT NULL AUTO_INCREMENT,
  `name` varchar(255) CHARACTER SET cp1251 DEFAULT NULL,
  PRIMARY KEY (`id`)
) ENGINE=MyISAM AUTO_INCREMENT=8 DEFAULT CHARSET=utf8 ROW_FORMAT=FIXED;

--
-- Dumping data for table `vidremonta`
--

LOCK TABLES `vidremonta` WRITE;
/*!40000 ALTER TABLE `vidremonta` DISABLE KEYS */;
INSERT INTO `vidremonta` VALUES (1,'Средний'),(2,'Мелкий'),(3,'Профилактический'),(4,'Капитальный'),(5,'Доработка после испытаний'),(6,'Доработка по сообщению'),(7,'Доработка по извещению');
/*!40000 ALTER TABLE `vidremonta` ENABLE KEYS */;
UNLOCK TABLES;

--
-- Final view structure for view `group_permission`
--

/*!50001 DROP TABLE IF EXISTS `group_permission`*/;
/*!50001 DROP VIEW IF EXISTS `group_permission`*/;
/*!50001 CREATE ALGORITHM=UNDEFINED */
/*!50013 DEFINER=`root`@`%` SQL SECURITY DEFINER */
/*!50001 VIEW `group_permission` AS select `users`.`group` AS `group`,`permission`.`allowed` AS `allowed`,`actions`.`name` AS `action`,`actions`.`path` AS `path`,`actions`.`id` AS `actions_id`,`permission`.`id` AS `id` from ((`actions` left join `permission` on((`actions`.`id` = `permission`.`action_id`))) left join `users` on((`permission`.`user_id` = `users`.`id`))) order by `users`.`group`,`actions`.`name` */;

--
-- Final view structure for view `users_permission_actions`
--

/*!50001 DROP TABLE IF EXISTS `users_permission_actions`*/;
/*!50001 DROP VIEW IF EXISTS `users_permission_actions`*/;
/*!50001 CREATE ALGORITHM=UNDEFINED */
/*!50013 DEFINER=`root`@`%` SQL SECURITY DEFINER */
/*!50001 VIEW `users_permission_actions` AS select `users`.`id` AS `userid`,`users`.`group` AS `group`,`users`.`fio` AS `fio`,`users`.`login` AS `login`,`users`.`pass` AS `pass`,`users`.`rang` AS `rang`,`permission`.`id` AS `id`,`permission`.`action_id` AS `action_id`,`permission`.`allowed` AS `allowed`,`permission`.`user_id` AS `user_id`,`actions`.`id` AS `actionid`,`actions`.`name` AS `action`,`actions`.`path` AS `path` from ((`users` left join `permission` on((`users`.`id` = `permission`.`user_id`))) left join `actions` on((`permission`.`action_id` = `actions`.`id`))) */;
/*!40103 SET TIME_ZONE=@OLD_TIME_ZONE */;

/*!40101 SET SQL_MODE=@OLD_SQL_MODE */;
/*!40014 SET FOREIGN_KEY_CHECKS=@OLD_FOREIGN_KEY_CHECKS */;
/*!40014 SET UNIQUE_CHECKS=@OLD_UNIQUE_CHECKS */;
/*!40101 SET CHARACTER_SET_CLIENT=@OLD_CHARACTER_SET_CLIENT */;
/*!40101 SET CHARACTER_SET_RESULTS=@OLD_CHARACTER_SET_RESULTS */;
/*!40101 SET COLLATION_CONNECTION=@OLD_COLLATION_CONNECTION */;
/*!40111 SET SQL_NOTES=@OLD_SQL_NOTES */;

-- Dump completed on 2013-08-30  6:11:25
